epoch,step,train_loss
0,99,6.923101902008057
0,199,6.923101902008057
0,299,6.923101902008057
0,399,6.923101902008057
0,499,6.923101902008057
