epoch,step,train_loss
0,99,6.946515083312988
0,199,6.946515083312988
0,299,6.946515083312988
