epoch,step,train_loss
0,99,6.956384181976318
0,199,6.956384181976318
0,299,6.873050689697266
0,399,6.789717674255371
0,499,6.956384181976318
